{
  "Apple___Apple_scab": {
    "precision": 0.975,
    "recall": 0.9285714285714286,
    "f1-score": 0.9512195121951219,
    "support": 126.0
  },
  "Apple___Black_rot": {
    "precision": 0.9919354838709677,
    "recall": 0.9919354838709677,
    "f1-score": 0.9919354838709677,
    "support": 124.0
  },
  "Apple___Cedar_apple_rust": {
    "precision": 1.0,
    "recall": 0.9818181818181818,
    "f1-score": 0.9908256880733946,
    "support": 55.0
  },
  "Apple___healthy": {
    "precision": 0.9848484848484849,
    "recall": 0.9878419452887538,
    "f1-score": 0.9863429438543247,
    "support": 329.0
  },
  "Blueberry___healthy": {
    "precision": 0.9771986970684039,
    "recall": 1.0,
    "f1-score": 0.9884678747940692,
    "support": 300.0
  },
  "Cherry_(including_sour)___Powdery_mildew": {
    "precision": 1.0,
    "recall": 0.9857142857142858,
    "f1-score": 0.9928057553956835,
    "support": 210.0
  },
  "Cherry_(including_sour)___healthy": {
    "precision": 0.9940828402366864,
    "recall": 0.9882352941176471,
    "f1-score": 0.9911504424778761,
    "support": 170.0
  },
  "Corn_(maize)___Cercospora_leaf_spot Gray_leaf_spot": {
    "precision": 0.9102564102564102,
    "recall": 0.696078431372549,
    "f1-score": 0.7888888888888889,
    "support": 102.0
  },
  "Corn_(maize)___Common_rust_": {
    "precision": 0.99581589958159,
    "recall": 1.0,
    "f1-score": 0.9979035639412998,
    "support": 238.0
  },
  "Corn_(maize)___Northern_Leaf_Blight": {
    "precision": 0.8597285067873304,
    "recall": 0.9644670050761421,
    "f1-score": 0.9090909090909091,
    "support": 197.0
  },
  "Corn_(maize)___healthy": {
    "precision": 0.9957081545064378,
    "recall": 1.0,
    "f1-score": 0.9978494623655914,
    "support": 232.0
  },
  "Grape___Black_rot": {
    "precision": 0.975,
    "recall": 0.9915254237288136,
    "f1-score": 0.9831932773109243,
    "support": 236.0
  },
  "Grape___Esca_(Black_Measles)": {
    "precision": 0.9926739926739927,
    "recall": 0.9818840579710145,
    "f1-score": 0.9872495446265938,
    "support": 276.0
  },
  "Grape___Leaf_blight_(Isariopsis_Leaf_Spot)": {
    "precision": 0.9953703703703703,
    "recall": 1.0,
    "f1-score": 0.9976798143851509,
    "support": 215.0
  },
  "Grape___healthy": {
    "precision": 1.0,
    "recall": 1.0,
    "f1-score": 1.0,
    "support": 84.0
  },
  "Orange___Haunglongbing_(Citrus_greening)": {
    "precision": 1.0,
    "recall": 1.0,
    "f1-score": 1.0,
    "support": 1101.0
  },
  "Peach___Bacterial_spot": {
    "precision": 0.9934354485776805,
    "recall": 0.9891067538126361,
    "f1-score": 0.9912663755458515,
    "support": 459.0
  },
  "Peach___healthy": {
    "precision": 0.8888888888888888,
    "recall": 1.0,
    "f1-score": 0.9411764705882353,
    "support": 72.0
  },
  "Pepper,_bell___Bacterial_spot": {
    "precision": 0.9946808510638298,
    "recall": 0.9396984924623115,
    "f1-score": 0.9664082687338501,
    "support": 199.0
  },
  "Pepper,_bell___healthy": {
    "precision": 0.9543973941368078,
    "recall": 0.9932203389830508,
    "f1-score": 0.973421926910299,
    "support": 295.0
  },
  "Potato___Early_blight": {
    "precision": 0.9900497512437811,
    "recall": 0.995,
    "f1-score": 0.9925187032418953,
    "support": 200.0
  },
  "Potato___Late_blight": {
    "precision": 0.9896907216494846,
    "recall": 0.96,
    "f1-score": 0.9746192893401016,
    "support": 200.0
  },
  "Potato___healthy": {
    "precision": 0.9615384615384616,
    "recall": 0.8333333333333334,
    "f1-score": 0.8928571428571429,
    "support": 30.0
  },
  "Raspberry___healthy": {
    "precision": 1.0,
    "recall": 0.972972972972973,
    "f1-score": 0.9863013698630136,
    "support": 74.0
  },
  "Soybean___healthy": {
    "precision": 0.9970530451866405,
    "recall": 0.9970530451866405,
    "f1-score": 0.9970530451866405,
    "support": 1018.0
  },
  "Squash___Powdery_mildew": {
    "precision": 1.0,
    "recall": 1.0,
    "f1-score": 1.0,
    "support": 367.0
  },
  "Strawberry___Leaf_scorch": {
    "precision": 1.0,
    "recall": 0.9909502262443439,
    "f1-score": 0.9954545454545455,
    "support": 221.0
  },
  "Strawberry___healthy": {
    "precision": 0.978494623655914,
    "recall": 1.0,
    "f1-score": 0.9891304347826086,
    "support": 91.0
  },
  "Tomato___Bacterial_spot": {
    "precision": 0.9515738498789347,
    "recall": 0.9247058823529412,
    "f1-score": 0.9379474940334129,
    "support": 425.0
  },
  "Tomato___Early_blight": {
    "precision": 0.9612903225806452,
    "recall": 0.745,
    "f1-score": 0.8394366197183099,
    "support": 200.0
  },
  "Tomato___Late_blight": {
    "precision": 0.9172932330827067,
    "recall": 0.9606299212598425,
    "f1-score": 0.9384615384615385,
    "support": 381.0
  },
  "Tomato___Leaf_Mold": {
    "precision": 0.9633507853403142,
    "recall": 0.968421052631579,
    "f1-score": 0.9658792650918635,
    "support": 190.0
  },
  "Tomato___Septoria_leaf_spot": {
    "precision": 0.8859416445623343,
    "recall": 0.943502824858757,
    "f1-score": 0.9138166894664843,
    "support": 354.0
  },
  "Tomato___Spider_mites Two-spotted_spider_mite": {
    "precision": 0.9085545722713865,
    "recall": 0.9194029850746268,
    "f1-score": 0.913946587537092,
    "support": 335.0
  },
  "Tomato___Target_Spot": {
    "precision": 0.8349514563106796,
    "recall": 0.9214285714285714,
    "f1-score": 0.8760611205432938,
    "support": 280.0
  },
  "Tomato___Tomato_Yellow_Leaf_Curl_Virus": {
    "precision": 0.997131931166348,
    "recall": 0.9738562091503268,
    "f1-score": 0.9853566367501181,
    "support": 1071.0
  },
  "Tomato___Tomato_mosaic_virus": {
    "precision": 0.96,
    "recall": 0.972972972972973,
    "f1-score": 0.9664429530201343,
    "support": 74.0
  },
  "Tomato___healthy": {
    "precision": 0.9693251533742331,
    "recall": 0.9937106918238994,
    "f1-score": 0.9813664596273292,
    "support": 318.0
  },
  "accuracy": 0.9714259378744585,
  "macro avg": {
    "precision": 0.966980551966046,
    "recall": 0.9603431003178579,
    "f1-score": 0.9624612131059095,
    "support": 10849.0
  },
  "weighted avg": {
    "precision": 0.9723317395021132,
    "recall": 0.9714259378744585,
    "f1-score": 0.9712275354852632,
    "support": 10849.0
  }
}