{
  "Apple___Apple_scab": {
    "precision": 1.0,
    "recall": 0.9603174603174603,
    "f1-score": 0.979757085020243,
    "support": 126.0
  },
  "Apple___Black_rot": {
    "precision": 0.984,
    "recall": 0.9919354838709677,
    "f1-score": 0.9879518072289156,
    "support": 124.0
  },
  "Apple___Cedar_apple_rust": {
    "precision": 1.0,
    "recall": 1.0,
    "f1-score": 1.0,
    "support": 55.0
  },
  "Apple___healthy": {
    "precision": 1.0,
    "recall": 0.993920972644377,
    "f1-score": 0.9969512195121951,
    "support": 329.0
  },
  "Blueberry___healthy": {
    "precision": 0.9966777408637874,
    "recall": 1.0,
    "f1-score": 0.9983361064891847,
    "support": 300.0
  },
  "Cherry_(including_sour)___Powdery_mildew": {
    "precision": 1.0,
    "recall": 0.9904761904761905,
    "f1-score": 0.9952153110047847,
    "support": 210.0
  },
  "Cherry_(including_sour)___healthy": {
    "precision": 0.9940828402366864,
    "recall": 0.9882352941176471,
    "f1-score": 0.9911504424778761,
    "support": 170.0
  },
  "Corn_(maize)___Cercospora_leaf_spot Gray_leaf_spot": {
    "precision": 0.8285714285714286,
    "recall": 0.8529411764705882,
    "f1-score": 0.8405797101449275,
    "support": 102.0
  },
  "Corn_(maize)___Common_rust_": {
    "precision": 0.99581589958159,
    "recall": 1.0,
    "f1-score": 0.9979035639412998,
    "support": 238.0
  },
  "Corn_(maize)___Northern_Leaf_Blight": {
    "precision": 0.9270833333333334,
    "recall": 0.9035532994923858,
    "f1-score": 0.9151670951156813,
    "support": 197.0
  },
  "Corn_(maize)___healthy": {
    "precision": 1.0,
    "recall": 0.9956896551724138,
    "f1-score": 0.9978401727861771,
    "support": 232.0
  },
  "Grape___Black_rot": {
    "precision": 0.9791666666666666,
    "recall": 0.9957627118644068,
    "f1-score": 0.9873949579831933,
    "support": 236.0
  },
  "Grape___Esca_(Black_Measles)": {
    "precision": 0.9963369963369964,
    "recall": 0.9855072463768116,
    "f1-score": 0.9908925318761385,
    "support": 276.0
  },
  "Grape___Leaf_blight_(Isariopsis_Leaf_Spot)": {
    "precision": 0.9953703703703703,
    "recall": 1.0,
    "f1-score": 0.9976798143851509,
    "support": 215.0
  },
  "Grape___healthy": {
    "precision": 1.0,
    "recall": 1.0,
    "f1-score": 1.0,
    "support": 84.0
  },
  "Orange___Haunglongbing_(Citrus_greening)": {
    "precision": 0.9981834695731153,
    "recall": 0.9981834695731153,
    "f1-score": 0.9981834695731153,
    "support": 1101.0
  },
  "Peach___Bacterial_spot": {
    "precision": 0.9870410367170627,
    "recall": 0.9956427015250545,
    "f1-score": 0.9913232104121475,
    "support": 459.0
  },
  "Peach___healthy": {
    "precision": 0.96,
    "recall": 1.0,
    "f1-score": 0.9795918367346939,
    "support": 72.0
  },
  "Pepper,_bell___Bacterial_spot": {
    "precision": 0.909952606635071,
    "recall": 0.964824120603015,
    "f1-score": 0.9365853658536586,
    "support": 199.0
  },
  "Pepper,_bell___healthy": {
    "precision": 0.9668874172185431,
    "recall": 0.9898305084745763,
    "f1-score": 0.9782244556113903,
    "support": 295.0
  },
  "Potato___Early_blight": {
    "precision": 0.9752475247524752,
    "recall": 0.985,
    "f1-score": 0.9800995024875622,
    "support": 200.0
  },
  "Potato___Late_blight": {
    "precision": 0.9891304347826086,
    "recall": 0.91,
    "f1-score": 0.9479166666666666,
    "support": 200.0
  },
  "Potato___healthy": {
    "precision": 0.9285714285714286,
    "recall": 0.8666666666666667,
    "f1-score": 0.896551724137931,
    "support": 30.0
  },
  "Raspberry___healthy": {
    "precision": 0.9733333333333334,
    "recall": 0.9864864864864865,
    "f1-score": 0.9798657718120806,
    "support": 74.0
  },
  "Soybean___healthy": {
    "precision": 0.9970530451866405,
    "recall": 0.9970530451866405,
    "f1-score": 0.9970530451866405,
    "support": 1018.0
  },
  "Squash___Powdery_mildew": {
    "precision": 1.0,
    "recall": 1.0,
    "f1-score": 1.0,
    "support": 367.0
  },
  "Strawberry___Leaf_scorch": {
    "precision": 1.0,
    "recall": 0.995475113122172,
    "f1-score": 0.9977324263038548,
    "support": 221.0
  },
  "Strawberry___healthy": {
    "precision": 1.0,
    "recall": 0.978021978021978,
    "f1-score": 0.9888888888888889,
    "support": 91.0
  },
  "Tomato___Bacterial_spot": {
    "precision": 0.973621103117506,
    "recall": 0.9552941176470588,
    "f1-score": 0.9643705463182898,
    "support": 425.0
  },
  "Tomato___Early_blight": {
    "precision": 0.9325153374233128,
    "recall": 0.76,
    "f1-score": 0.837465564738292,
    "support": 200.0
  },
  "Tomato___Late_blight": {
    "precision": 0.914572864321608,
    "recall": 0.9553805774278216,
    "f1-score": 0.9345314505776636,
    "support": 381.0
  },
  "Tomato___Leaf_Mold": {
    "precision": 0.9479166666666666,
    "recall": 0.9578947368421052,
    "f1-score": 0.9528795811518325,
    "support": 190.0
  },
  "Tomato___Septoria_leaf_spot": {
    "precision": 0.9305555555555556,
    "recall": 0.9463276836158192,
    "f1-score": 0.938375350140056,
    "support": 354.0
  },
  "Tomato___Spider_mites Two-spotted_spider_mite": {
    "precision": 0.9626865671641791,
    "recall": 0.7701492537313432,
    "f1-score": 0.8557213930348259,
    "support": 335.0
  },
  "Tomato___Target_Spot": {
    "precision": 0.7833333333333333,
    "recall": 0.8392857142857143,
    "f1-score": 0.8103448275862069,
    "support": 280.0
  },
  "Tomato___Tomato_Yellow_Leaf_Curl_Virus": {
    "precision": 0.9962511715089035,
    "recall": 0.992530345471522,
    "f1-score": 0.9943872778297475,
    "support": 1071.0
  },
  "Tomato___Tomato_mosaic_virus": {
    "precision": 0.9863013698630136,
    "recall": 0.972972972972973,
    "f1-score": 0.9795918367346939,
    "support": 74.0
  },
  "Tomato___healthy": {
    "precision": 0.8153846153846154,
    "recall": 1.0,
    "f1-score": 0.8983050847457628,
    "support": 318.0
  },
  "accuracy": 0.9685685316619044,
  "macro avg": {
    "precision": 0.9638327409755219,
    "recall": 0.959877867959403,
    "f1-score": 0.9609160288024149,
    "support": 10849.0
  },
  "weighted avg": {
    "precision": 0.9700294900587642,
    "recall": 0.9685685316619044,
    "f1-score": 0.9684144040694957,
    "support": 10849.0
  }
}